{"23": {"(23,)": {"count": 363, "weight": 9.226416856297291}, "(25,)": {"count": 26, "weight": 0.5637778985532335}, "(44,)": {"count": 1, "weight": 0.018842890398403835}}, "25": {"(25,)": {"count": 399, "weight": 11.567578490135173}, "(42,)": {"count": 37, "weight": 0.2508837725803088}, "(23,)": {"count": 26, "weight": 0.6534293081747011}, "(39,)": {"count": 25, "weight": 0.16039884496833354}, "(1,)": {"count": 22, "weight": -0.05178218719381738}, "(37,)": {"count": 10, "weight": 0.07507202186523702}, "(7,)": {"count": 7, "weight": 0.0594491806413709}, "(8,)": {"count": 5, "weight": -0.0360617788573021}, "(14,)": {"count": 4, "weight": 0.022458192265021906}, "(29,)": {"count": 4, "weight": 0.011678519931643462}, "(4,)": {"count": 3, "weight": -0.03667772678236501}, "(26,)": {"count": 1, "weight": -0.24613749347236363}, "(33,)": {"count": 1, "weight": -0.0035360452418483792}}, "27": {"(27,)": {"count": 244, "weight": 5.33611564976984}, "(5,)": {"count": 25, "weight": 0.8294205472860129}, "(34,)": {"count": 24, "weight": 0.25555558162922704}, "(1,)": {"count": 17, "weight": 0.12980716916051965}, "(29,)": {"count": 13, "weight": 0.0778989247332151}, "(42,)": {"count": 13, "weight": 0.04151138586547391}, "(0,)": {"count": 2, "weight": 0.02248416001072392}, "(11,)": {"count": 1, "weight": 0.010508263771816972}, "(13,)": {"count": 1, "weight": -0.05015819556679653}, "(24,)": {"count": 1, "weight": 0.013094694102009795}}, "1": {"(1,)": {"count": 803, "weight": 10.845394328047398}, "(39,)": {"count": 279, "weight": 1.630167261851702}, "(42,)": {"count": 146, "weight": 0.7140736010774267}, "(8,)": {"count": 124, "weight": 1.3369531517777435}, "(6,)": {"count": 96, "weight": 1.5288094456307353}, "(29,)": {"count": 64, "weight": 0.3466981114273429}, "(37,)": {"count": 45, "weight": 0.2660311571845569}, "(18,)": {"count": 43, "weight": 0.49768564849256197}, "(34,)": {"count": 33, "weight": 0.21338723199631643}, "(4,)": {"count": 25, "weight": 0.07122831568319378}, "(14,)": {"count": 23, "weight": 0.13977947813183939}, "(25,)": {"count": 22, "weight": 0.11917968203722643}, "(7,)": {"count": 21, "weight": 0.13654968787246072}, "(31,)": {"count": 21, "weight": 0.1233846142951452}, "(27,)": {"count": 17, "weight": 0.04833370214106754}, "(17,)": {"count": 12, "weight": 0.09250150368741342}, "(33,)": {"count": 10, "weight": -0.23955234806265435}, "(44,)": {"count": 9, "weight": 0.1009370082844711}, "(3,)": {"count": 7, "weight": 0.03874954271691068}, "(38,)": {"count": 7, "weight": 0.06960464507643475}, "(21,)": {"count": 5, "weight": 0.040648774436308814}, "(5,)": {"count": 2, "weight": 0.02708115803871394}, "(10,)": {"count": 1, "weight": 0.006274591454898413}}, "26": {"(26,)": {"count": 223, "weight": 8.369723170636101}, "(32,)": {"count": 10, "weight": 0.2787504248512726}, "(4,)": {"count": 5, "weight": 0.10990704013015923}, "(36,)": {"count": 2, "weight": 0.038356425005982894}, "(25,)": {"count": 1, "weight": -0.16701750984343003}}, "19": {"(19,)": {"count": 56, "weight": 1.2630271509027375}, "(29,)": {"count": 27, "weight": 0.36771624418823295}, "(4,)": {"count": 16, "weight": 0.22983436381281558}, "(21,)": {"count": 10, "weight": 0.08096382608977833}, "(30,)": {"count": 4, "weight": 0.01579723997113793}, "(17,)": {"count": 3, "weight": 0.0468844796202707}}, "22": {"(22,)": {"count": 22, "weight": 0.49973560447926596}}, "42": {"(42,)": {"count": 455, "weight": 6.933129703044255}, "(1,)": {"count": 146, "weight": 0.7696424785637503}, "(39,)": {"count": 135, "weight": 0.5949417084038716}, "(29,)": {"count": 86, "weight": 0.3786164778509386}, "(8,)": {"count": 48, "weight": 0.21257654318849792}, "(37,)": {"count": 46, "weight": 0.22814593687610546}, "(7,)": {"count": 37, "weight": 0.13732831413726726}, "(25,)": {"count": 37, "weight": 0.2076776358100355}, "(14,)": {"count": 20, "weight": 0.033223008031453616}, "(27,)": {"count": 13, "weight": 0.030051253906157514}, "(4,)": {"count": 11, "weight": 0.00039094850530118}, "(33,)": {"count": 9, "weight": -0.04616607591866431}, "(30,)": {"count": 7, "weight": 0.06094075750325972}, "(18,)": {"count": 5, "weight": 0.0035974567114231914}, "(10,)": {"count": 1, "weight": 0.006315904658184585}}, "34": {"(34,)": {"count": 157, "weight": 2.600952162609883}, "(1,)": {"count": 33, "weight": 0.12703497475414763}, "(27,)": {"count": 24, "weight": 0.1758773257579493}, "(13,)": {"count": 1, "weight": 0.019428255102986534}}, "40": {"(40,)": {"count": 221, "weight": 3.1953099063829313}, "(45,)": {"count": 35, "weight": 0.751322255910576}, "(13,)": {"count": 3, "weight": 0.017409374820866946}}, "39": {"(39,)": {"count": 369, "weight": 3.2695452885749496}, "(1,)": {"count": 279, "weight": 0.9209062562105477}, "(42,)": {"count": 135, "weight": 0.5640214118052825}, "(29,)": {"count": 44, "weight": 0.027392445219425243}, "(37,)": {"count": 41, "weight": -0.08973241001225317}, "(25,)": {"count": 25, "weight": 0.09179791269190223}, "(7,)": {"count": 20, "weight": 0.0640020498808827}, "(8,)": {"count": 20, "weight": -0.01048020738838486}, "(14,)": {"count": 19, "weight": -0.014147073127160058}, "(4,)": {"count": 10, "weight": 0.011246544974734776}, "(33,)": {"count": 7, "weight": -0.035696244893461224}, "(10,)": {"count": 1, "weight": 0.00633563890205158}}, "6": {"(6,)": {"count": 283, "weight": 7.237369620179479}, "(1,)": {"count": 96, "weight": 0.9512282101131363}, "(8,)": {"count": 65, "weight": 0.5078401490097461}, "(44,)": {"count": 23, "weight": 0.3202354206554657}, "(38,)": {"count": 17, "weight": 0.1912343616961444}, "(17,)": {"count": 6, "weight": 0.030643150435703634}, "(21,)": {"count": 4, "weight": 0.03169217682973654}}, "18": {"(18,)": {"count": 127, "weight": 1.7342815477938311}, "(8,)": {"count": 46, "weight": 0.19061173979219087}, "(1,)": {"count": 43, "weight": 0.14131640780424348}, "(42,)": {"count": 5, "weight": 0.022760997825893275}}, "7": {"(7,)": {"count": 48, "weight": 0.37088647233363775}, "(42,)": {"count": 37, "weight": 0.033376490180019314}, "(8,)": {"count": 31, "weight": 0.1735578151305451}, "(1,)": {"count": 21, "weight": -0.007904487019872479}, "(37,)": {"count": 20, "weight": 0.12415928570274802}, "(39,)": {"count": 20, "weight": -0.027642281701724312}, "(29,)": {"count": 13, "weight": -0.09012878056309549}, "(4,)": {"count": 11, "weight": 0.045144530525666623}, "(14,)": {"count": 10, "weight": 0.03793498609341939}, "(25,)": {"count": 7, "weight": 0.056323544790009374}, "(33,)": {"count": 2, "weight": -0.012922165898953529}, "(10,)": {"count": 1, "weight": 0.006356500353763996}}, "8": {"(8,)": {"count": 219, "weight": 2.6349181277932057}, "(1,)": {"count": 124, "weight": 0.4920205711414889}, "(6,)": {"count": 65, "weight": 0.43859146829553197}, "(42,)": {"count": 48, "weight": 0.07904075934313219}, "(18,)": {"count": 46, "weight": 0.14773993773712676}, "(7,)": {"count": 31, "weight": 0.20502772073681758}, "(29,)": {"count": 26, "weight": -0.04722138926812525}, "(14,)": {"count": 22, "weight": 0.13827141119349445}, "(39,)": {"count": 20, "weight": -0.07221155061209601}, "(37,)": {"count": 19, "weight": 0.11507900526777536}, "(44,)": {"count": 17, "weight": 0.058812074624972836}, "(4,)": {"count": 15, "weight": 0.04146878094618481}, "(33,)": {"count": 12, "weight": 0.07005892481365143}, "(38,)": {"count": 11, "weight": 0.09886311287809094}, "(17,)": {"count": 8, "weight": 0.08425008820440719}, "(25,)": {"count": 5, "weight": -0.03797606346055621}, "(21,)": {"count": 3, "weight": -0.010029996202308072}, "(10,)": {"count": 1, "weight": 0.00634403718718681}}, "30": {"(30,)": {"count": 49, "weight": 1.0004721312724423}, "(29,)": {"count": 11, "weight": 0.1362894819710514}, "(42,)": {"count": 7, "weight": 0.09467396813288716}, "(19,)": {"count": 4, "weight": 2.2451313194563002e-05}, "(21,)": {"count": 4, "weight": 2.245131319456906e-05}}, "0": {"(0,)": {"count": 6, "weight": 0.12250550092047807}, "(11,)": {"count": 2, "weight": 0.023803057668534213}, "(27,)": {"count": 2, "weight": 0.032988951028090754},