{"0": {"(0,)": {"count": 331, "weight": 10.201219366878108}, "(1, 1, 0)": {"count": 151, "weight": 2.181587478561355}, "(1, 1, 1, 1, 0)": {"count": 151, "weight": 1.1344911266556292}, "(1, 1, 1, 1, 1, 1, 0)": {"count": 151, "weight": 0.6927669603034678}, "(1, 1, 1, 1, 1, 1, 1, 1, 0)": {"count": 151, "weight": 0.44896384791861027}, "(1, 1, 1, 1, 1, 1, 1, 1, 1, 0)": {"count": 151, "weight": 0.3630032409015282}, "(1, 1, 1, 1, 1, 1, 1, 0)": {"count": 150, "weight": 0.5464741291837392}, "(1, 1, 1, 1, 1, 0)": {"count": 149, "weight": 0.8444696255682178}, "(1, 1, 1, 0)": {"count": 148, "weight": 1.3639825287342557}, "(0, 0)": {"count": 120, "weight": 2.0130341020103275}, "(1, 0)": {"count": 120, "weight": 2.4507247408339405}, "(1, 0, 0)": {"count": 34, "weight": 0.591846226011557}, "(1, 1, 0, 0)": {"count": 34, "weight": 0.3550647364872336}, "(1, 1, 1, 0, 0)": {"count": 34, "weight": 0.28010196546510885}, "(1, 1, 1, 1, 0, 0)": {"count": 34, "weight": 0.20572100058076026}, "(1, 1, 1, 1, 1, 0, 0)": {"count": 34, "weight": 0.1738225051705752}, "(1, 1, 1, 1, 1, 1, 0, 0)": {"count": 34, "weight": 0.13648403353278157}, "(1, 1, 1, 1, 1, 1, 1, 0, 0)": {"count": 34, "weight": 0.11659510284627066}, "(1, 1, 1, 1, 1, 1, 1, 1, 0, 0)": {"count": 34, "weight": 0.09392677836709303}, "(0, 0, 0)": {"count": 15, "weight": 0.02718059832342477}, "(0, 0, 0, 0)": {"count": 15, "weight": 0.009060199777817036}, "(0, 0, 0, 0, 0)": {"count": 15, "weight": 0.0030200667362619417}, "(0, 0, 0, 0, 0, 0)": {"count": 15, "weight": 0.0010066889541717446}, "(0, 0, 0, 0, 0, 0, 0)": {"count": 15, "weight": 0.0003355629995957657}, "(0, 0, 0, 0, 0, 0, 0, 0)": {"count": 15, "weight": 0.00011185433319858853}, "(0, 0, 0, 0, 0, 0, 0, 0, 0)": {"count": 15, "weight": 3.728477773286284e-05}, "(0, 0, 0, 0, 0, 0, 0, 0, 0, 0)": {"count": 15, "weight": 1.2428259437111505e-05}}}