{"0": {"(0,)": {"count": 331, "weight": 9.367640611027031}, "(1, 1, 0)": {"count": 151, "weight": 1.9110874135345184}, "(1, 1, 1, 1, 0)": {"count": 151, "weight": 0.9759497336554819}, "(1, 1, 1, 1, 1, 1, 0)": {"count": 151, "weight": 0.5862030677043147}, "(1, 1, 1, 1, 1, 0)": {"count": 149, "weight": 0.7180902499727533}, "(1, 1, 1, 0)": {"count": 148, "weight": 1.1758357921321618}, "(0, 0)": {"count": 120, "weight": 1.8893505394617}, "(1, 0)": {"count": 120, "weight": 2.1459452885450823}, "(1, 0, 0)": {"count": 34, "weight": 0.5207706825714336}, "(1, 1, 0, 0)": {"count": 34, "weight": 0.30481899302480037}, "(1, 1, 1, 0, 0)": {"count": 34, "weight": 0.23697493716929857}, "(1, 1, 1, 1, 0, 0)": {"count": 34, "weight": 0.16925388165106742}, "(1, 1, 1, 1, 1, 0, 0)": {"count": 34, "weight": 0.14291827942116392}, "(0, 0, 0)": {"count": 15, "weight": 0.027382134816709033}, "(0, 0, 0, 0)": {"count": 15, "weight": 0.009127378608681036}, "(0, 0, 0, 0, 0)": {"count": 15, "weight": 0.0030424596816302227}, "(0, 0, 0, 0, 0, 0)": {"count": 15, "weight": 0.0010141532692656606}, "(0, 0, 0, 0, 0, 0, 0)": {"count": 15, "weight": 0.0003380511050782298}}}