{"0": {"(0,)": {"count": 331, "weight": 8.440651607977397}, "(1, 1, 0)": {"count": 151, "weight": 1.6029474707538054}, "(1, 1, 1, 1, 0)": {"count": 151, "weight": 0.7906835270680044}, "(1, 1, 1, 0)": {"count": 148, "weight": 0.9577074557200204}, "(0, 0)": {"count": 120, "weight": 1.749949168440941}, "(1, 0)": {"count": 120, "weight": 1.8002033446093764}, "(1, 0, 0)": {"count": 34, "weight": 0.44438942342210047}, "(1, 1, 0, 0)": {"count": 34, "weight": 0.24920660014401178}, "(1, 1, 1, 0, 0)": {"count": 34, "weight": 0.18875590173570206}, "(0, 0, 0)": {"count": 15, "weight": 0.02735773348450405}, "(0, 0, 0, 0)": {"count": 15, "weight": 0.00911924482846561}, "(0, 0, 0, 0, 0)": {"count": 15, "weight": 0.003039748422057327}}}