{"0": {"(0,)": {"count": 331, "weight": 8.903949023467469}, "(1, 1, 0)": {"count": 151, "weight": 1.7575733557499775}, "(1, 1, 1, 1, 0)": {"count": 151, "weight": 0.8840902094161834}, "(1, 1, 1, 1, 1, 0)": {"count": 149, "weight": 0.6441746337586021}, "(1, 1, 1, 0)": {"count": 148, "weight": 1.0671915541786234}, "(0, 0)": {"count": 120, "weight": 1.8200311539865015}, "(1, 0)": {"count": 120, "weight": 1.9729032523868615}, "(1, 0, 0)": {"count": 34, "weight": 0.48248027104168445}, "(1, 1, 0, 0)": {"count": 34, "weight": 0.2771251434213272}, "(1, 1, 1, 0, 0)": {"count": 34, "weight": 0.21300164695485058}, "(1, 1, 1, 1, 0, 0)": {"count": 34, "weight": 0.148539679643185}, "(0, 0, 0)": {"count": 15, "weight": 0.027455474415027572}, "(0, 0, 0, 0)": {"count": 15, "weight": 0.009151825140942647}, "(0, 0, 0, 0, 0)": {"count": 15, "weight": 0.00305060852645996}, "(0, 0, 0, 0, 0, 0)": {"count": 15, "weight": 0.0010168695508116692}}}