{"186": {"(186,)": {"count": 535, "weight": 12.777660123286658}, "(186, 21)": {"count": 535, "weight": -0.9908046311291054}, "(186, 21, 21)": {"count": 535, "weight": 0.41318942229791866}, "(6, 210, 186)": {"count": 384, "weight": 0.0065297152257673165}, "(6, 166, 186)": {"count": 312, "weight": 0.0032703406349173848}, "(210, 192, 186)": {"count": 283, "weight": 0.04399834539718737}, "(143, 66, 186)": {"count": 207, "weight": 0.0017077073891617392}, "(6, 45, 186)": {"count": 193, "weight": 0.00033304951074555856}, "(202, 210, 186)": {"count": 168, "weight": 0.001449652530147743}, "(10, 210, 186)": {"count": 166, "weight": 0.005734981357243285}, "(16, 210, 186)": {"count": 152, "weight": 0.008821766220419419}, "(167, 167, 186)": {"count": 151, "weight": 0.03330105839957521}, "(202, 166, 186)": {"count": 148, "weight": 0.0008769923560778529}, "(36, 210, 186)": {"count": 132, "weight": 0.01791147586431096}, "(114, 186)": {"count": 120, "weight": 0.06396769992675636}, "(114, 114, 186)": {"count": 120, "weight": 0.002441801900124313}, "(114, 186, 21)": {"count": 120, "weight": 0.02930297599816336}, "(36, 31, 186)": {"count": 113, "weight": 0.017991797511670397}, "(6, 129, 186)": {"count": 110, "weight": 3.740971342925625e-06}, "(143, 30, 186)": {"count": 107, "weight": 0.00026258404134903526}, "(10, 31, 186)": {"count": 84, "weight": 0.004033678442602253}, "(202, 45, 186)": {"count": 83, "weight": 0.00028948180605267476}, "(16, 166, 186)": {"count": 82, "weight": 0.0012083745811902425}, "(143, 101, 186)": {"count": 82, "weight": 0.0006140858995993707}, "(189, 104, 186)": {"count": 81, "weight": 0.00475635039125998}, "(36, 104, 186)": {"count": 66, "weight": 0.004966561577255466}, "(210, 154, 186)": {"count": 59, "weight": 0.0068679373176828516}, "(143, 49, 186)": {"count": 47, "weight": 0.00011342587367305814}, "(189, 210, 186)": {"count": 40, "weight": 0.0035108166416925415}, "(202, 129, 186)": {"count": 37, "weight": -1.8543389381290747e-06}, "(16, 31, 186)": {"count": 30, "weight": 0.004668006772105431}, "(196, 224, 186)": {"count": 26, "weight": 0.0002013530962083905}, "(6, 140, 186)": {"count": 23, "weight": -3.6880678540988905e-05}, "(16, 140, 186)": {"count": 23, "weight": -3.6880678540988905e-05}, "(202, 140, 186)": {"count": 23, "weight": -3.6880678540988905e-05}, "(230, 185, 186)": {"count": 22, "weight": 0.0003337293911658957}, "(16, 45, 186)": {"count": 21, "weight": 0.0001494056826646016}, "(182, 166, 186)": {"count": 18, "weight": 0.00019479472417846633}, "(182, 210, 186)": {"count": 18, "weight": 5.371451871150605e-06}, "(238, 213, 186)": {"count": 18, "weight": -5.7244531759591516e-05}, "(157, 142, 186)": {"count": 16, "weight": 2.840032956668532e-05}, "(31, 186)": {"count": 11, "weight": 0.0022840931194420015}, "(104, 186)": {"count": 11, "weight": 0.007596139692932609}, "(189, 186)": {"count": 11, "weight": 0.007596139692932609}, "(31, 186, 21)": {"count": 11, "weight": 0.0020735788542820825}, "(104, 114, 186)": {"count": 11, "weight": 0.00026193585548745115}, "(104, 186, 21)": {"count": 11, "weight": 0.006849849154132028}, "(189, 186, 21)": {"count": 11, "weight": 0.006849849154132028}, "(120, 123, 186)": {"count": 10, "weight": 6.639299928947111e-05}, "(166, 186)": {"count": 9, "weight": 0.005181615792333753}, "(10, 167, 186)": {"count": 9, "weight": 2.3428348924779088e-05}, "(16, 129, 186)": {"count": 9, "weight": 2.7451702272915992e-06}, "(119, 137, 186)": {"count": 9, "weight": 0.0009599696680429463}, "(119, 180, 186)": {"count": 9, "weight": 0.0002973041801976275}, "(119, 223, 186)": {"count": 9, "weight": 0.00036464240367648914}, "(157, 224, 186)": {"count": 9, "weight": -7.05166412649301e-05}, "(166, 186, 21)": {"count": 9, "weight": -0.003451119364994227}, "(182, 31, 186)": {"count": 9, "weight": 0.000142774895776752}, "(182, 45, 186)": {"count": 9, "weight": 0.000142774895776752}, "(202, 31, 186)": {"count": 9, "weight": 0.000142774895776752}, "(230, 223, 186)": {"count": 8, "weight": -5.6594467636216975e-05}, "(1, 192, 186)": {"count": 7, "weight": -0.0010315009692890705}}, "81": {"(81,)": {"count": 1327, "weight": 6.412971959775818}, "(94, 94, 81)": {"count": 1326, "weight": 0.056512512610713744}, "(94, 161, 81)": {"count": 1324, "weight": 0.003998227990725728}, "(94, 82, 81)": {"count": 1320, "weight": 0.03154607370945287}, "(94, 81)": {"count": 1314, "weight": 0.1297651267847101}, "(82, 82, 81)": {"count": 1306, "weight": 0.06281197374105704}, "(82, 94, 81)": {"count": 1306, "weight": 0.031127594893425703}, "(82, 161, 81)": {"count": 1305, "weight": 0.005018463565575182}, "(94, 193, 81)": {"count": 1287, "weight": 0.001035556404532457}, "(82, 193, 81)": {"count": 1267, "weight": 0.0012171786368766618}, "(161, 161, 81)": {"count": 1228, "weight": 0.005983205584618928}, "(161, 94, 81)": {"count": 1226, "weight": 0.00422320270162323}, "(161, 82, 81)": {"count": 1220, "weight": 0.004966443093461313}, "(82, 81)": {"count": 1217, "weight": 0.09859077501918265}, "(94, 140, 81)": {"count": 1138, "weight": 0.00016020743082911765}, "(161, 81)": {"count": 1133, "weight": 0.024398352958084128}, "(34, 56, 81)": {"count": 1066, "weight": 0.014109365657686368}, "(34, 85, 81)": {"count": 1051, "weight": 0.008403192028543926}, "(161, 193, 81)": {"count": 1023, "weight": 0.0007440367271907174}, "(34, 20, 81)": {"count": 973, "weight": 0.0012695831450584667}, "(82, 140, 81)": {"count": 916, "weight": 0.0001153809815482352}, "(161, 140, 81)": {"count": 792, "weight": 1.8291738520078213e-05}, "(81, 85, 81)": {"count": 729, "weight": 0.0002966708823373475}, "(81, 56, 81)": {"count": 691, "weight": 0.00036764892721118493}, "(94, 34, 13)": {"count": 690, "weight": 0.0007725149038676378}, "(82, 34, 13)": {"count": 655, "weight": 0.0003917237310624168}, "(193, 82, 81)": {"count": 612, "weight": 0.0010808811051270524}, "(161, 34, 13)": {"count": 568, "weight": 8.679914347078265e-05}, "(193, 94, 81)": {"count": 556, "weight": 0.0010223703003855234}, "(81, 207, 158)": {"count": 547, "weight": 0.0397634028049315}, "(193, 161, 81)": {"count": 496, "weight": 0.00017123563155899577}, "(140, 94, 81)": {"count": 390, "weight": 8.820257525471162e-05}, "(34, 207, 158)": {"count": 380, "weight": 0.000540827124761311}, "(140, 161, 81)": {"count": 375, "weight": 1.6968665333217117e-05}, "(193, 81)": {"count": 303, "weight": 0.001386573818239226}, "(140, 81)": {"count": 286, "weight": 0.0039941918717055925}, "(34, 13)": {"count": 261, "weight": 0.016683931507737438}, "(140, 82, 81)": {"count": 234, "weight": 0.00012078130652343514}, "(140, 140, 81)": {"count": 230, "weight": 3.008963184267631e-05}, "(81, 201, 201)": {"count": 225, "weight": 0.011697502515101555}, "(94, 34, 201)": {"count": 148, "weight": 2.614192239525204e-05}, "(82, 34, 201)": {"count": 142, "weight": -6.428186193181003e-05}, "(81, 23, 23)": {"count": 137, "weight": 0.005301379854179406}, "(193, 34, 13)": {"count": 136, "weight": 7.725004887970311e-06}, "(34, 201, 13)": {"count": 127, "weight": 0.0004390413836405947}, "(94, 81, 201)": {"count": 115, "weight": 0.0001597261115968857}, "(81, 201, 23)": {"count": 112, "weight": 0.004893558872310834}, "(94, 81, 188)": {"count": 106, "weight": 2.0427188720941258e-05}, "(161, 34, 201)": {"count": 106, "weight": 1.5417605296482514e-05}, "(82, 81, 201)": {"count": 105, "weight": 7.773041410089506e-05}, "(161, 81, 201)": {"count": 97, "weight": 0.00010077629054580168}, "(82, 81, 188)": {"count": 95, "weight": -9.37081695451812e-05}, "(94, 34, 23)": {"count": 95, "weight": 1.910993687181209e-05}, "(82, 34, 23)": {"count": 94, "weight": -9.879306206790136e-06}, "(161, 81, 188)": {"count": 87, "weight": -0.00010830742668633743}, "(81, 23, 201)": {"count": 86, "weight": 0.004078630030884387}, "(81, 201)": {"count": 79, "weight": 0.011132152363963772}, "(34, 201, 201)": {"count": 78, "weight": 0.00030741952273275597}, "(34, 110, 150)": {"count": 73, "weight": -1.1719693458632466e-05}, "(161, 34, 23)": {"count": 68, "weight": -5.50509449523087e-06},