{"77": {"(77,)": {"count": 508, "weight": 3.198997030747709}, "(215,)": {"count": 219, "weight": 1.2720485615200448}, "(194,)": {"count": 201, "weight": 1.1543921759607136}, "(77, 58)": {"count": 34, "weight": 0.0007025779480552191}, "(194, 58)": {"count": 10, "weight": 0.006453058652687324}, "(205,)": {"count": 8, "weight": 0.05812457822434964}, "(194, 192)": {"count": 7, "weight": 0.006096886238396937}, "(194, 89)": {"count": 6, "weight": 0.006046173218421338}, "(77, 192)": {"count": 5, "weight": -0.02339668421333195}, "(215, 58)": {"count": 5, "weight": 0.00029205162303559565}, "(215, 77)": {"count": 5, "weight": -0.02279880382914963}, "(167,)": {"count": 4, "weight": 0.027618045341861415}, "(215, 115)": {"count": 4, "weight": -0.0003322202552142645}, "(77, 55)": {"count": 3, "weight": 0.00020118581516277828}, "(37, 77)": {"count": 2, "weight": 0.00014074563871614208}, "(58, 64)": {"count": 2, "weight": 0.002685347491277943}, "(58, 77)": {"count": 2, "weight": 0.00032802997224887546}, "(17,)": {"count": 1, "weight": 0.009381529605704923}, "(8, 115)": {"count": 1, "weight": 0.0023305909013704995}, "(17, 192)": {"count": 1, "weight": 0.00044879189832116554}, "(52, 64)": {"count": 1, "weight": 0.003517355184645811}, "(58, 192)": {"count": 1, "weight": 0.00037367955989103693}, "(77, 77)": {"count": 1, "weight": -0.0038722784938375137}, "(77, 159)": {"count": 1, "weight": 0.004089942487347736}, "(126, 64)": {"count": 1, "weight": 0.003517355184645811}, "(136, 74)": {"count": 1, "weight": -0.005738369673217681}, "(154, 192)": {"count": 1, "weight": 5.071301997559962e-05}, "(167, 192)": {"count": 1, "weight": 5.071301997559962e-05}, "(205, 28)": {"count": 1, "weight": 0.0010180642951778992}, "(205, 95)": {"count": 1, "weight": 0.0005755143468254846}, "(215, 28)": {"count": 1, "weight": 0.0010180642951778992}, "(215, 95)": {"count": 1, "weight": 0.0008427174662853024}, "(215, 192)": {"count": 1, "weight": -0.0014190489142592109}, "(215, 215)": {"count": 1, "weight": 0.00044879577442980944}}, "29": {"(29,)": {"count": 466, "weight": 12.623646958981913}, "(52, 197)": {"count": 321, "weight": 0.272435696995488}, "(105, 207)": {"count": 148, "weight": -0.05230822641326972}, "(112, 59)": {"count": 118, "weight": -0.02946984150945038}, "(126, 197)": {"count": 65, "weight": 0.078279288242586}, "(111, 207)": {"count": 10, "weight": -0.005536291535056504}, "(90, 197)": {"count": 8, "weight": 0.012906193462184634}, "(115, 197)": {"count": 8, "weight": 0.007046562108602796}, "(74, 197)": {"count": 7, "weight": 0.005004082148760326}, "(105, 82)": {"count": 4, "weight": 0.005539589111684205}, "(115, 207)": {"count": 2, "weight": -0.0019058889390334178}, "(115, 167)": {"count": 1, "weight": 0.0024617064842831484}, "(194, 197)": {"count": 1, "weight": 0.0008128821348094499}}, "52": {"(52,)": {"count": 901, "weight": 12.156153564109134}, "(126,)": {"count": 205, "weight": 3.199562307475716}, "(126, 147)": {"count": 25, "weight": -0.316486585125266}, "(115,)": {"count": 21, "weight": 0.44515625006815013}, "(52, 58)": {"count": 16, "weight": 0.006566680672336085}, "(105, 192)": {"count": 15, "weight": -0.007676473870742086}, "(126, 89)": {"count": 8, "weight": 0.011866535763659924}, "(105, 205)": {"count": 5, "weight": -0.027480052505462396}, "(74,)": {"count": 3, "weight": 0.06414776207660469}, "(90,)": {"count": 3, "weight": 0.078616646756057}, "(90, 147)": {"count": 3, "weight": -0.00033600775177712377}, "(115, 147)": {"count": 3, "weight": -0.02582337789258577}, "(126, 58)": {"count": 3, "weight": 0.001198253878361367}, "(130, 126)": {"count": 3, "weight": 0.010504499460266686}, "(105, 215)": {"count": 2, "weight": -0.000587245384447304}, "(130, 52)": {"count": 2, "weight": 0.0070140077261433426}, "(194,)": {"count": 1, "weight": 0.019591792103146818}, "(111, 205)": {"count": 1, "weight": 0.00018823793922602327}}, "105": {"(105,)": {"count": 888, "weight": 5.015759158785243}, "(105, 58)": {"count": 350, "weight": 0.03561166353815797}, "(52, 64)": {"count": 295, "weight": -0.08734522286529164}, "(126, 64)": {"count": 140, "weight": 0.01039114357946655}, "(111,)": {"count": 13, "weight": -0.36506380470186944}, "(115, 64)": {"count": 13, "weight": 0.0020992329226442604}, "(52, 192)": {"count": 11, "weight": -0.03135361870237589}, "(111, 58)": {"count": 11, "weight": -0.023443894014567885}, "(90, 64)": {"count": 4, "weight": -0.01062470968851403}, "(130, 105)": {"count": 3, "weight": 0.00460953196641668}, "(115,)": {"count": 2, "weight": 0.010846288048420569}, "(65, 105)": {"count": 2, "weight": 0.0017717448292419167}, "(74, 64)": {"count": 2, "weight": -0.006605828544099391}, "(115, 58)": {"count": 2, "weight": 0.00017027466856028075}, "(115, 192)": {"count": 2, "weight": 0.0020510439771584984}, "(126, 192)": {"count": 2, "weight": -0.03953157927239653}, "(194, 64)": {"count": 1, "weight": 4.07422230053269e-05}}, "112": {"(112,)": {"count": 1405, "weight": 4.23196919188513}, "(52, 42)": {"count": 270, "weight": -0.006362778642105742}, "(126, 42)": {"count": 111, "weight": -0.0628732605118004}, "(134, 178)": {"count": 75, "weight": 0.022597602254153352}, "(185, 178)": {"count": 16, "weight": -0.34203684537097884}, "(115, 42)": {"count": 9, "weight": -0.0016090303017189688}, "(65, 112)": {"count": 8, "weight": 0.01118709816656721}, "(90, 42)": {"count": 4, "weight": 0.000864982766450187}, "(74, 42)": {"count": 2, "weight": -0.00186620392405307}, "(130, 112)": {"count": 2, "weight": 0.0008345472595173417}, "(194, 42)": {"count": 1, "weight": 2.7400503311548494e-05}}, "18": {"(18,)": {"count": 580, "weight": 2.0998632541103306}, "(121,)": {"count": 114, "weight": 0.3676385260343869}, "(13,)": {"count": 110, "weight": 0.4119867140158023}, "(6,)": {"count": 103, "weight": 0.39570493614498237}, "(120,)": {"count": 81, "weight": 0.3098916625227543}, "(135, 121)": {"count": 14, "weight": 0.003226841436939649}, "(135, 18)": {"count": 12, "weight": 0.0023187554799325456}, "(160,)": {"count": 8, "weight": 0.02313052523499923}, "(135, 120)": {"count": 6, "weight": -0.00674847212809988}, "(28, 121)": {"count": 4, "weight": 0.003622974992407697}, "(58, 18)": {"count": 4, "weight": 0.0018074449704486124}, "(58, 121)": {"count": 3, "weight": 0.0011518176686793526}, "(135, 160)": {"count": 3, "weight": 0.0003616660643228313}, "(205, 121)": {"count": 3, "weight": 0.0007833007294590224}, "(58, 120)": {"count": 2, "weight": -0.04544221833919722}, "(58, 160)": {"count": 2, "weight": 0.0002332754439839905}, "(82, 154)": {"count": 2, "weight": -6.96710986361653e-05}, "(120, 152)": {"count": 2, "weight": 0.0002982554151723974}, "(136, 74)": {"count": 2, "weight": 2.9986611905036197e-05}, "(192, 121)": {"count": 2, "weight": 0.00132245588224275}, "(205, 18)": {"count": 2, "weight": -0.0007873141724854543}, "(205, 120)": {"count": 2, "weight": 0.00021724619208137003}, "(17, 152)": {"count": 1, "weight": 3.1414044011306516e-05}, "(53, 121)": {"count": 1, "weight": 0.0008099683563843495}, "(82, 152)": {"count": 1, "weight": 3.1414044011306516e-05}, "(135, 205)": {"count": 1, "weight": 3.784447212068501e-05}, "(159, 159)": {"count": 1, "weight": 1.3347029900715938e-05}, "(193, 18)": {"count": 1, "weight": 0.00038812183576397187}, "(193, 120)": {"count": 1, "weight": 0.0023870099398671813}, "(193, 121)": {"count": 1, "weight": 0.00038812183576397187}, "(205, 17)": {"count": 1, "weight": 0.00010149124816837244}, "(213, 74)": {"count": 1, "weight": 2.171435042120082e-05}}}