{"0": {"(0,)": {"count": 331, "weight": 9.661763353067279}, "(1, 1, 0)": {"count": 151, "weight": 2.0067901589475765}, "(1, 1, 1, 1, 0)": {"count": 151, "weight": 1.032309821396124}, "(1, 1, 1, 1, 1, 1, 0)": {"count": 151, "weight": 0.6242640547964448}, "(1, 1, 1, 1, 1, 1, 1, 0)": {"count": 150, "weight": 0.4898737608625118}, "(1, 1, 1, 1, 1, 0)": {"count": 149, "weight": 0.7630679721026492}, "(1, 1, 1, 0)": {"count": 148, "weight": 1.2424645466680622}, "(0, 0)": {"count": 120, "weight": 1.9331994180848187}, "(1, 0)": {"count": 120, "weight": 2.2534455240823514}, "(1, 0, 0)": {"count": 34, "weight": 0.5458894220156645}, "(1, 1, 0, 0)": {"count": 34, "weight": 0.32270990249693354}, "(1, 1, 1, 0, 0)": {"count": 34, "weight": 0.25234366031654054}, "(1, 1, 1, 1, 0, 0)": {"count": 34, "weight": 0.18233691345239456}, "(1, 1, 1, 1, 1, 0, 0)": {"count": 34, "weight": 0.15400799786356628}, "(1, 1, 1, 1, 1, 1, 0, 0)": {"count": 34, "weight": 0.119057879204254}, "(0, 0, 0)": {"count": 15, "weight": 0.027368113994284064}, "(0, 0, 0, 0)": {"count": 15, "weight": 0.009122705001887936}, "(0, 0, 0, 0, 0)": {"count": 15, "weight": 0.0030409018124111977}, "(0, 0, 0, 0, 0, 0)": {"count": 15, "weight": 0.0010136339796112223}, "(0, 0, 0, 0, 0, 0, 0)": {"count": 15, "weight": 0.0003378780084121334}, "(0, 0, 0, 0, 0, 0, 0, 0)": {"count": 15, "weight": 0.0001126260028040445}}}