{"0": {"(1, 1, 0)": {"count": 151, "weight": 0.9213847194883873}, "(1, 0, 0)": {"count": 34, "weight": 0.2896521634614287}, "(0, 0, 0)": {"count": 15, "weight": 0.026779544082028196}}}