{"0": {"(0,)": {"count": 331, "weight": 9.995320874421491}, "(1, 1, 0)": {"count": 151, "weight": 2.1153292558623105}, "(1, 1, 1, 1, 0)": {"count": 151, "weight": 1.0959575282883667}, "(1, 1, 1, 1, 1, 1, 0)": {"count": 151, "weight": 0.667033036197709}, "(1, 1, 1, 1, 1, 1, 1, 1, 0)": {"count": 151, "weight": 0.4310169826430005}, "(1, 1, 1, 1, 1, 1, 1, 0)": {"count": 150, "weight": 0.5252680123820257}, "(1, 1, 1, 1, 1, 0)": {"count": 149, "weight": 0.8138864195047903}, "(1, 1, 1, 0)": {"count": 148, "weight": 1.3181582235293268}, "(0, 0)": {"count": 120, "weight": 1.9824134014624255}, "(1, 0)": {"count": 120, "weight": 2.375824218024066}, "(1, 0, 0)": {"count": 34, "weight": 0.5744566297956505}, "(1, 1, 0, 0)": {"count": 34, "weight": 0.3429233066526283}, "(1, 1, 1, 0, 0)": {"count": 34, "weight": 0.2697166225590532}, "(1, 1, 1, 1, 0, 0)": {"count": 34, "weight": 0.19701222793242945}, "(1, 1, 1, 1, 1, 0, 0)": {"count": 34, "weight": 0.16644280992298097}, "(1, 1, 1, 1, 1, 1, 0, 0)": {"count": 34, "weight": 0.13001334663319958}, "(1, 1, 1, 1, 1, 1, 1, 0, 0)": {"count": 34, "weight": 0.11112388169625842}, "(0, 0, 0)": {"count": 15, "weight": 0.027237410080947544}, "(0, 0, 0, 0)": {"count": 15, "weight": 0.009079137030335627}, "(0, 0, 0, 0, 0)": {"count": 15, "weight": 0.003026379154241579}, "(0, 0, 0, 0, 0, 0)": {"count": 15, "weight": 0.0010087930934996655}, "(0, 0, 0, 0, 0, 0, 0)": {"count": 15, "weight": 0.0003362643794894117}, "(0, 0, 0, 0, 0, 0, 0, 0)": {"count": 15, "weight": 0.00011208812649647055}, "(0, 0, 0, 0, 0, 0, 0, 0, 0)": {"count": 15, "weight": 3.736270883215684e-05}}}