{"0": {"(0,)": {"count": 331, "weight": 3.9771389359174973}, "(0, 0)": {"count": 120, "weight": 1.0564833490824381}, "(1, 0)": {"count": 120, "weight": 0.16477355191079895}}}