{"0": {"(0,)": {"count": 331, "weight": 7.6978276657513325}, "(1, 1, 0)": {"count": 151, "weight": 1.34989697117926}, "(1, 1, 1, 0)": {"count": 148, "weight": 0.7753144584897353}, "(0, 0)": {"count": 120, "weight": 1.6391668245745408}, "(1, 0)": {"count": 120, "weight": 1.5185712951402954}, "(1, 0, 0)": {"count": 34, "weight": 0.38388886400909805}, "(1, 1, 0, 0)": {"count": 34, "weight": 0.20342505403079156}, "(0, 0, 0)": {"count": 15, "weight": 0.027191260338612293}, "(0, 0, 0, 0)": {"count": 15, "weight": 0.009063753776101404}}}