{"21": {"(21,)": {"count": 106, "weight": 1.071214972225634}}, "11": {"(11,)": {"count": 600, "weight": 6.009308049954667}}, "7": {"(7,)": {"count": 663, "weight": 6.63413952194663}}, "10": {"(10,)": {"count": 392, "weight": 3.9649947141483666}}, "18": {"(18,)": {"count": 460, "weight": 4.6406356021492545}}, "6": {"(6,)": {"count": 370, "weight": 3.725086736177385}}, "8": {"(8,)": {"count": 637, "weight": 6.38627666389516}}, "12": {"(12,)": {"count": 236, "weight": 2.379239387070845}}, "15": {"(15,)": {"count": 757, "weight": 7.586154453661773}}, "5": {"(5,)": {"count": 404, "weight": 4.056617823282262}}, "16": {"(16,)": {"count": 1004, "weight": 9.998307876984631}}, "17": {"(17,)": {"count": 320, "weight": 3.2398827207350247}}, "1": {"(1,)": {"count": 384, "weight": 3.881208645558398}}, "3": {"(3,)": {"count": 299, "weight": 3.019720568623599}}, "20": {"(20,)": {"count": 209, "weight": 2.116000468667272}}, "2": {"(2,)": {"count": 183, "weight": 1.8709431312627778}}, "0": {"(0,)": {"count": 185, "weight": 1.858118998294292}}, "13": {"(13,)": {"count": 367, "weight": 3.6949877119158083}}, "4": {"(4,)": {"count": 393, "weight": 3.9475942940322883}}, "22": {"(22,)": {"count": 153, "weight": 1.5533285591001376}}, "9": {"(9,)": {"count": 370, "weight": 3.7291319695665766}}, "14": {"(14,)": {"count": 34, "weight": 0.34469179527449534}}, "19": {"(19,)": {"count": 10, "weight": 0.10405888694348443}}}