{"0": {"(0,)": {"count": 331, "weight": 6.481288211816793}, "(1, 1, 0)": {"count": 151, "weight": 0.9213847194883873}, "(0, 0)": {"count": 120, "weight": 1.4616266242357703}, "(1, 0)": {"count": 120, "weight": 1.050581080306223}, "(1, 0, 0)": {"count": 34, "weight": 0.2896521634614287}, "(0, 0, 0)": {"count": 15, "weight": 0.026779544082028196}}}